{"cameraMode":{"drawMode":0,"name":"Shaded","section":"Shading Mode"},"sceneLighting":false,"audioPlay":false,"sceneViewState":{"m_AlwaysRefresh":false,"showFog":true,"showSkybox":false,"showFlares":true,"showImageEffects":true,"showParticleSystems":true,"showVisualEffectGraphs":true,"m_FxEnabled":true},"in2DMode":false,"pivot":{"x":0.5001106262207031,"y":6.939546585083008,"z":-0.26439571380615237},"rotation":{"x":-0.1558707058429718,"y":-0.036712124943733218,"z":0.005744090303778648,"w":-0.9871183037757874},"size":12.53548812866211,"orthographic":true}