{"cameraMode":{"drawMode":0,"name":"Shaded","section":"Shading Mode"},"sceneLighting":true,"audioPlay":false,"sceneViewState":{"m_AlwaysRefresh":false,"showFog":true,"showSkybox":true,"showFlares":true,"showImageEffects":true,"showParticleSystems":true,"showVisualEffectGraphs":true,"m_FxEnabled":true},"in2DMode":false,"pivot":{"x":586.0843505859375,"y":336.2344665527344,"z":143.89468383789063},"rotation":{"x":0.08956616371870041,"y":-0.022710978984832765,"z":0.002043152926489711,"w":0.9957208633422852},"size":174.80752563476563,"orthographic":false}